Nombre;Descripción;Cantidad;Precio;Proveedor
ESPECIES DULCES ;ESPECIES DULCES ;1;0;Indefinido
FALDO BANDEJAS TEMPLASTISA SIN ;FALDO BANDEJAS TEMPLASTISA SIN ;4;100;Indefinido
MERCANCIAS FREZZER COCA COLA;MERCANCIAS FREZZER COCA COLA;1;140;Indefinido
PAQ. FUNDAS NEGRAS ;PAQ. FUNDAS NEGRAS ;20;25;Indefinido
SUAPES NO. 36;SUAPES NO. 36;14;0;Indefinido
LIBRAS SAL DE CURA;LIBRAS SAL DE CURA;35;115;Indefinido
ESPECIES DULCES ;ESPECIES DULCES ;1;135;Indefinido
LIBRAS ARENQUE ;LIBRAS ARENQUE ;4;300;Indefinido
LIBRAS BACALAO;LIBRAS BACALAO;18;300;Indefinido
LIBRAS CLAVOS DULCE;LIBRAS CLAVOS DULCE;77;85;Indefinido
LIBRAS CANELILLA ;LIBRAS CANELILLA ;50;200;Indefinido
LIBRAS OREGANO ENTERO;LIBRAS OREGANO ENTERO;50;200;Indefinido
LIBRAS PIMIENTA ENTERA;LIBRAS PIMIENTA ENTERA;114;165;Indefinido
LIBRAS CANELA ENTERA;LIBRAS CANELA ENTERA;75;300;Indefinido
LIBRAS MALAGUETA;LIBRAS MALAGUETA;58;28;Indefinido
LIBRAS PIMIENTA MOLIDA;LIBRAS PIMIENTA MOLIDA;23;910;Indefinido
LIBRAS ARROZ AMERICANO;LIBRAS ARROZ AMERICANO;23;26;Indefinido
FARDOS BANDEJAS 500/1;FARDOS BANDEJAS 500/1;2;30;Indefinido
LIBRAS ARROZ JR;LIBRAS ARROZ JR;140;35;Indefinido
LIBRAS ARROZ SELLO ROJO ;LIBRAS ARROZ SELLO ROJO ;105;25;Indefinido
LIBRAS ARROZ CAMPOS;LIBRAS ARROZ CAMPOS;155;0;Indefinido
LIBRAS ARROZ DON COLA;LIBRAS ARROZ DON COLA;231;45;Indefinido
SACOS ARROZ AMERICANO 100 LB;SACOS ARROZ AMERICANO 100 LB;2;80;Indefinido
LIBRAS HABICHUELAS JIRAS ;LIBRAS HABICHUELAS JIRAS ;93;40;Indefinido
LIBRAS HABICHUELAS ROJAS CORTAS;LIBRAS HABICHUELAS ROJAS CORTAS;229;75;Indefinido
LIBRAS ARBEJAS;LIBRAS ARBEJAS;125;45;Indefinido
LIBRAS HABICHUELAS ROJAS LARGAS;LIBRAS HABICHUELAS ROJAS LARGAS;57;70;Indefinido
LIBRAS HABICHUELAS NEGRAS;LIBRAS HABICHUELAS NEGRAS;90;60;Indefinido
LIBRAS HABICHUELAS JACOMELO ;LIBRAS HABICHUELAS JACOMELO ;87;45;Indefinido
LIBRAS GUANDULES SECOS;LIBRAS GUANDULES SECOS;107;65;Indefinido
LIBRAS HABICHUELAS JIRAS;LIBRAS HABICHUELAS JIRAS;51;60;Indefinido
LIBRAS HABICHUELAS BLANCAS AMERICANAS;LIBRAS HABICHUELAS BLANCAS AMERICANAS;40;70;Indefinido
LIBRAS HABICHUELAS BLANCA CRIOLLAS;LIBRAS HABICHUELAS BLANCA CRIOLLAS;40;40;Indefinido
LIBRAS HABAS ;LIBRAS HABAS ;14;130;Indefinido
KILOS PAPAS;KILOS PAPAS;291;100;Indefinido
LIBRAS AJONJOLI ;LIBRAS AJONJOLI ;20;25;Indefinido
LIBRAS AJO AMERICANO;LIBRAS AJO AMERICANO;100;35;Indefinido
LIBRAS CEBOLLAS ROJAS;LIBRAS CEBOLLAS ROJAS;300;15;Indefinido
LIBRAS TRIGO;LIBRAS TRIGO;44;25;Indefinido
LIBRAS MAIZ CAQUIADO ;LIBRAS MAIZ CAQUIADO ;60;25;Indefinido
LIBRAS MAIZ CHAKA ;LIBRAS MAIZ CHAKA ;43;20;Indefinido
LIBRAS MAIZ CHENCHEN;LIBRAS MAIZ CHENCHEN;80;25;Indefinido
LIBRAS MAIZ DE GALLO;LIBRAS MAIZ DE GALLO;74;190;Indefinido
LIBRAS MAIZ PALOMITA;LIBRAS MAIZ PALOMITA;82;135;Indefinido
CREMORA COFFE CREAMER LIBBY? 16 ;CREMORA COFFE CREAMER LIBBY? 16 ;6;160;Indefinido
PASA LIGO GRANDE 250 G.;PASA LIGO GRANDE 250 G.;8;165;Indefinido
CALDO DE POLLO ESPALSA 1/2 LBS ;CALDO DE POLLO ESPALSA 1/2 LBS ;15;110;Indefinido
PAQ. CLORETS VERDE 100/1 GDE;PAQ. CLORETS VERDE 100/1 GDE;18;5;Indefinido
PAQ. CLORETS AZUL 60/1 PEQ.;PAQ. CLORETS AZUL 60/1 PEQ.;10;140;Indefinido
FOFORO UND;FOFORO UND;250;0;Indefinido
PAQ. JUGOS BONTEA TE FRIO LIMON 1.5LT ;PAQ. JUGOS BONTEA TE FRIO LIMON 1.5LT ;35;1550;Indefinido
COMPOTA HEINZ COSTEL DE FRUTAS 113 ;COMPOTA HEINZ COSTEL DE FRUTAS 113 ;144;710;Indefinido
CAJAS SARDINAS DIMAR 24/15 ONZAS;CAJAS SARDINAS DIMAR 24/15 ONZAS;1;50;Indefinido
CAJAS COMPOTAS HEINZ SOBRE 24/1;CAJAS COMPOTAS HEINZ SOBRE 24/1;8;375;Indefinido
LECHE COCO JAJA 12 ONZAS;LECHE COCO JAJA 12 ONZAS;32;135;Indefinido
MAIZ LA FAMOSA 6/7 LB.;MAIZ LA FAMOSA 6/7 LB.;3;220;Indefinido
PAQ RANCHERO CON AZAFRAN;PAQ RANCHERO CON AZAFRAN;1;300;Indefinido
GELATINA DADY  SOBRE;GELATINA DADY  SOBRE;50;35;Indefinido
ACEITE DE OLIVA FIGARO SOBRE 30 ML.;ACEITE DE OLIVA FIGARO SOBRE 30 ML.;64;170;Indefinido
SALCHICHA JAJA VIENA  10 OZ.;SALCHICHA JAJA VIENA  10 OZ.;19;0;Indefinido
PAQ. CALDO DE POLLO BALDOM 5 LB.;PAQ. CALDO DE POLLO BALDOM 5 LB.;3;100;Indefinido
CAJAS SAZON SUPER COMPLETO BALDOM ;CAJAS SAZON SUPER COMPLETO BALDOM ;2;27;Indefinido
MENTA HALLS FRESA;MENTA HALLS FRESA;38;50;Indefinido
LIBRAS AZUCAR CREMA ;LIBRAS AZUCAR CREMA ;222;250;Indefinido
PLATOS SILVER MAX NO. 6;PLATOS SILVER MAX NO. 6;6;90;Indefinido
VAINILLA LA UNION GALON ;VAINILLA LA UNION GALON ;1;130;Indefinido
CLORO CLOROX 8/1 MED GL;CLORO CLOROX 8/1 MED GL;6;190;Indefinido
CLORO CLOROX 4/1 GL;CLORO CLOROX 4/1 GL;1;360;Indefinido
CATCHUP ESPALSA 1/2 GL;CATCHUP ESPALSA 1/2 GL;1;800;Indefinido
SALSA FAMOSA 6/7;SALSA FAMOSA 6/7;2;460;Indefinido
ACEITE CRISOL JUMBO 15 LB;ACEITE CRISOL JUMBO 15 LB;4;445;Indefinido
ACEITE CRISOL 4/128 ONZAS UND;ACEITE CRISOL 4/128 ONZAS UND;9;230;Indefinido
ACEITE GALLO 4/1 UND;ACEITE GALLO 4/1 UND;3;40;Indefinido
ACEITE CRISOL 1/2 GALON;ACEITE CRISOL 1/2 GALON;9;0;Indefinido
ACEITE MAZOLA 2.83 LT.;ACEITE MAZOLA 2.83 LT.;4;60;Indefinido
ACEITE CRISOL 8 OZ. UND.;ACEITE CRISOL 8 OZ. UND.;44;45;Indefinido
COQUI CRUBEC CTE 12/1;COQUI CRUBEC CTE 12/1;17;85;Indefinido
PAQ. SAZON LIQ. RANCHERO  SOBRE 40 G. ;PAQ. SAZON LIQ. RANCHERO  SOBRE 40 G. ;11;55;Indefinido
PAQ. SALSA CHINA CONSTANZA SOBRE ;PAQ. SALSA CHINA CONSTANZA SOBRE ;3;100;Indefinido
PAQ. GALLETAS PRINCESA MANTEQUILLA ;PAQ. GALLETAS PRINCESA MANTEQUILLA ;19;130;Indefinido
PAQ. GALLETAS DINO DUPLEX 12/1;PAQ. GALLETAS DINO DUPLEX 12/1;59;55;Indefinido
PAQ. GALLETAS OREO 12/1;PAQ. GALLETAS OREO 12/1;12;55;Indefinido
PAQ. GALLETAS CLUB MAX 9/1;PAQ. GALLETAS CLUB MAX 9/1;21;60;Indefinido
PAQ. GALLETA PRINCESA NUEVA 9/1 PCK;PAQ. GALLETA PRINCESA NUEVA 9/1 PCK;20;75;Indefinido
PAQ. VASO # 7 50 UD.;PAQ. VASO # 7 50 UD.;61;50;Indefinido
PAQ. VASO FOAM #16 TERMO 25 UD.;PAQ. VASO FOAM #16 TERMO 25 UD.;7;75;Indefinido
PAQ. VASO FOAM #12;PAQ. VASO FOAM #12;49;85;Indefinido
VASO TERMO EMBASE RIGIDO #10 PCK;VASO TERMO EMBASE RIGIDO #10 PCK;32;55;Indefinido
PAQ. DE SORBETES 250 UND.;PAQ. DE SORBETES 250 UND.;49;175;Indefinido
GALLETA GUARINA SANDWICH FRESA 12/1 ;GALLETA GUARINA SANDWICH FRESA 12/1 ;4;85;Indefinido
PAQ. TAPA VASO FOAM #16 100/1;PAQ. TAPA VASO FOAM #16 100/1;9;95;Indefinido
PAQ. VASO CAFE NO. 1 EL RIGIDO;PAQ. VASO CAFE NO. 1 EL RIGIDO;45;150;Indefinido
ENSURE VAINILLA ;ENSURE VAINILLA ;144;85;Indefinido
ALOE VERA ORIGINAL 1.5 LT.;ALOE VERA ORIGINAL 1.5 LT.;24;2140;Indefinido
CAJA TUNA JAJA TROZOS 24/5 ONZAS;CAJA TUNA JAJA TROZOS 24/5 ONZAS;1;70;Indefinido
CAJAS GUANDULES COCO LA FAMOSA ;CAJAS GUANDULES COCO LA FAMOSA ;4;70;Indefinido
MAIZ DULCE LA FAMOSA 16 OZ.;MAIZ DULCE LA FAMOSA 16 OZ.;114;50;Indefinido
GUANDULES NATURAL LA FAMOSA 15OZ;GUANDULES NATURAL LA FAMOSA 15OZ;60;98;Indefinido
LECHE COCO JAJA 12 ONZAS;LECHE COCO JAJA 12 ONZAS;132;60;Indefinido
GUANDULES FAMOSA C/COCO  15OZ GDE;GUANDULES FAMOSA C/COCO  15OZ GDE;20;65;Indefinido
HABICHUELAS ROJA FAMOSA 15OZ GDE ;HABICHUELAS ROJA FAMOSA 15OZ GDE ;43;75;Indefinido
GUANDULES VERDE VICTORINA 24/1 GDE;GUANDULES VERDE VICTORINA 24/1 GDE;24;65;Indefinido
LECHE COCO FAMOSA 15 OZ.;LECHE COCO FAMOSA 15 OZ.;22;45;Indefinido
LECHE COCO FAMOSA  MED. 10.5 OZ.;LECHE COCO FAMOSA  MED. 10.5 OZ.;120;0;Indefinido
LECHE COCO FAMOSA 8OZ./236ML. 24/1 ;LECHE COCO FAMOSA 8OZ./236ML. 24/1 ;192;585;Indefinido
ACEITE MAZOLA 128 OZ 3.78 LT;ACEITE MAZOLA 128 OZ 3.78 LT;4;6;Indefinido
ACEITE MANICERO 128 OZ UND.;ACEITE MANICERO 128 OZ UND.;3;160;Indefinido
HUEVOS UND;HUEVOS UND;1990;100;Indefinido
PIEZA SALAMI DON CIBAO PREMIUM;PIEZA SALAMI DON CIBAO PREMIUM;17;150;Indefinido
PIEZA SALAMI CONQUISTADOR AGROFEM ;PIEZA SALAMI CONQUISTADOR AGROFEM ;6;100;Indefinido
PIEZA JAMONETA AGROFEM ;PIEZA JAMONETA AGROFEM ;10;1700;Indefinido
PIEZA SALAMI AHUMADO AGROFEM ;PIEZA SALAMI AHUMADO AGROFEM ;10;30;Indefinido
PAQ. CIGARRILLO CONSTANZA 10/1;PAQ. CIGARRILLO CONSTANZA 10/1;2;260;Indefinido
VINAGRE BLANCO BALDON 16 ONZ.;VINAGRE BLANCO BALDON 16 ONZ.;1;2720;Indefinido
SACO ARROZ JR 10 LB.;SACO ARROZ JR 10 LB.;10;1400;Indefinido
SACO ARROZ SELLO ROJO 25 LB.;SACO ARROZ SELLO ROJO 25 LB.;4;340;Indefinido
SACOS ARROZ SELLO ROJO 50 LB-;SACOS ARROZ SELLO ROJO 50 LB-;3;100;Indefinido
ARROZ CAMPOS 10 LB.;ARROZ CAMPOS 10 LB.;4;6;Indefinido
CAJA METALICA GALLETAS DANESA ;CAJA METALICA GALLETAS DANESA ;3;30;Indefinido
SOPITAS DOÃƒâ€˜A GALLINA;SOPITAS DOÃƒâ€˜A GALLINA;390;25;Indefinido
CEPILLO CLASSIC CLEAN 12/1;CEPILLO CLASSIC CLEAN 12/1;18;125;Indefinido
PAQ. ALKA-SERLTZER AZUL ;PAQ. ALKA-SERLTZER AZUL ;1;25;Indefinido
SALSA VICTORINA 1/2 KL.;SALSA VICTORINA 1/2 KL.;1;55;Indefinido
PAQ. ALKAZER NEGRO 25/1;PAQ. ALKAZER NEGRO 25/1;1;40;Indefinido
TUNA SUN FISH FLECOS 5.5 ONZAS;TUNA SUN FISH FLECOS 5.5 ONZAS;2;40;Indefinido
ALCAPARRADO LA VALENCIANA 8OZ. MED ;ALCAPARRADO LA VALENCIANA 8OZ. MED ;1;70;Indefinido
MAIZ DULCE FAMOSA 8OZ.;MAIZ DULCE FAMOSA 8OZ.;118;120;Indefinido
LECHE CONDENSADA PEQ. ;LECHE CONDENSADA PEQ. ;10;110;Indefinido
LECHE CONDENSADA GDE;LECHE CONDENSADA GDE;8;65;Indefinido
LECHE CONDENSADA BALDOM 396G/14OZ ;LECHE CONDENSADA BALDOM 396G/14OZ ;11;60;Indefinido
ALOE VINE PEQ. 24/1 UD;ALOE VINE PEQ. 24/1 UD;42;35;Indefinido
PAQ. CASABE TIPICO DOMINICANO ;PAQ. CASABE TIPICO DOMINICANO ;2;30;Indefinido
SALCHICHA JAJA VIENA  5 OZ;SALCHICHA JAJA VIENA  5 OZ;27;100;Indefinido
SOPAS MAGGI SOBRE;SOPAS MAGGI SOBRE;18;65;Indefinido
ACEITUNA GOYA 78 GRS ;ACEITUNA GOYA 78 GRS ;19;65;Indefinido
MAIZ JAJA 24/1 GDE;MAIZ JAJA 24/1 GDE;17;65;Indefinido
GUANDULES VERDES JAJA 24/1 GDE;GUANDULES VERDES JAJA 24/1 GDE;7;40;Indefinido
LECHE CARNATION JUMBO 360 GRS.;LECHE CARNATION JUMBO 360 GRS.;66;55;Indefinido
GUARINA DE LECHE GRANDE;GUARINA DE LECHE GRANDE;17;70;Indefinido
MARGARINA MANICERA 227G.;MARGARINA MANICERA 227G.;23;170;Indefinido
MARGARINA MANICERA 425G;MARGARINA MANICERA 425G;20;245;Indefinido
MAMNTEQUILLA RICAMESA 3/LIB ;MAMNTEQUILLA RICAMESA 3/LIB ;7;780;Indefinido
MARGARINA MANICERA 6/5 2268 G;MARGARINA MANICERA 6/5 2268 G;13;100;Indefinido
ACEITE GALLO 2/1 JUMBO UND.;ACEITE GALLO 2/1 JUMBO UND.;5;1075;Indefinido
DEPOSITOS PRESIDENTE VACIOS;DEPOSITOS PRESIDENTE VACIOS;22;1250;Indefinido
CAJAS ACEITE GALLO 72/4 ONZAS;CAJAS ACEITE GALLO 72/4 ONZAS;10;1600;Indefinido
CAJA ACEITE CRISOL 36/8 ONZAS;CAJA ACEITE CRISOL 36/8 ONZAS;4;1745;Indefinido
CAJAS ACEITE CRISOL 24/15 ONZAS;CAJAS ACEITE CRISOL 24/15 ONZAS;12;1245;Indefinido
CAJAS ACEITE EL GALLO 4/128 ONZAS;CAJAS ACEITE EL GALLO 4/128 ONZAS;23;1440;Indefinido
CAJAS ACEITE EL GALLO 36/8 ONZAS;CAJAS ACEITE EL GALLO 36/8 ONZAS;6;275;Indefinido
CAJAS ACEITE EL GALLO 24/16 ONZAS;CAJAS ACEITE EL GALLO 24/16 ONZAS;8;1530;Indefinido
CAJA VINAGRE MARINA 4/20;CAJA VINAGRE MARINA 4/20;5;0;Indefinido
CAJAS VASOS TERMOENVASES NO. 16 ;CAJAS VASOS TERMOENVASES NO. 16 ;4;1640;Indefinido
CAJAS VASOS TERMOENVANSES FOAM ;CAJAS VASOS TERMOENVANSES FOAM ;1;65;Indefinido
CAJAS VASOS TERMO ENVASES NO. 12 ;CAJAS VASOS TERMO ENVASES NO. 12 ;4;100;Indefinido
DETERGENTE BRILLANTE 400 G.;DETERGENTE BRILLANTE 400 G.;36;120;Indefinido
CLORO BLANCOX 4/1 GL ;CLORO BLANCOX 4/1 GL ;24;410;Indefinido
CAJAS DE CLORO AJAX 6/GALON ;CAJAS DE CLORO AJAX 6/GALON ;2;0;Indefinido
CAJAS TOALLAS NOSOTRAS PLUS 8/60/1;CAJAS TOALLAS NOSOTRAS PLUS 8/60/1;1;910;Indefinido
FALDO BANDEJAS TEMPLASTISA SIN ;FALDO BANDEJAS TEMPLASTISA SIN ;4;80;Indefinido
FARDOS BANDEJAS 200/1;FARDOS BANDEJAS 200/1;15;75;Indefinido
PAQ. PLATO NO. 9 DESECHABLE HONDO ;PAQ. PLATO NO. 9 DESECHABLE HONDO ;109;910;Indefinido
PAQ. VASOS PROPLASTIC NO. 16 25/1;PAQ. VASOS PROPLASTIC NO. 16 25/1;4;35;Indefinido
FARDOS PLATO PICA POLLO GDE CON Y ;FARDOS PLATO PICA POLLO GDE CON Y ;2;60;Indefinido
PAQ. CUBIERTOS DESECH. TERMO ENV. 25 ;PAQ. CUBIERTOS DESECH. TERMO ENV. 25 ;800;170;Indefinido
PAQ. PLATO LLANO #9. TERMO 25UND.;PAQ. PLATO LLANO #9. TERMO 25UND.;140;120;Indefinido
PAQ. TAPAS 12 50/1;PAQ. TAPAS 12 50/1;167;175;Indefinido
PAQ. ENVASE DE HABICHUELA 4OZ PCK;PAQ. ENVASE DE HABICHUELA 4OZ PCK;312;805;Indefinido
PAQ. TAPA VASO 12 ONZ 100/1 ;PAQ. TAPA VASO 12 ONZ 100/1 ;90;990;Indefinido
FARDOS FUNDAS DE PAPEL ;FARDOS FUNDAS DE PAPEL ;3;1580;Indefinido
CAJAS CUCHARAS TERMO PACK 40/25/1;CAJAS CUCHARAS TERMO PACK 40/25/1;5;1770;Indefinido
CAJA ACEITE CRISOL JUMBO 2/1 15.5 LIB;CAJA ACEITE CRISOL JUMBO 2/1 15.5 LIB;36;1700;Indefinido
CAJAS ACEITE CRISOL 8/1;CAJAS ACEITE CRISOL 8/1;15;1475;Indefinido
CAJAS ACEITE CRISOL 4/1 GL;CAJAS ACEITE CRISOL 4/1 GL;17;100;Indefinido
CAJAS ACEITE MAIZETE 2/250 ONZAS;CAJAS ACEITE MAIZETE 2/250 ONZAS;15;300;Indefinido
CLORO DISHTECA GALON;CLORO DISHTECA GALON;54;200;Indefinido
LIBRAS MANZANILLA ;LIBRAS MANZANILLA ;72;200;Indefinido
LIBRA CANELA ;LIBRA CANELA ;150;150;Indefinido
CEMILLITA  ENTERA LB ;CEMILLITA  ENTERA LB ;35;85;Indefinido
ANIS DULCE LB;ANIS DULCE LB;10;400;Indefinido
LIBRA OREGANO ENTERO;LIBRA OREGANO ENTERO;95;50;Indefinido
PAQ. PLATOS SANCOCHEROS NO. 32 ;PAQ. PLATOS SANCOCHEROS NO. 32 ;31;910;Indefinido
PLATO #9 LLANO  MOLDY;PLATO #9 LLANO  MOLDY;66;400;Indefinido
FARDOS PLATO PICA POLLO GDE C/S ;FARDOS PLATO PICA POLLO GDE C/S ;32;300;Indefinido
PAQ. PLATOS SANCOCHEROS DISAP 32 ;PAQ. PLATOS SANCOCHEROS DISAP 32 ;10;50;Indefinido
SACOS SAL EN GRANO 100 LB.;SACOS SAL EN GRANO 100 LB.;16;315;Indefinido
GALON VINAGRE D CAMPO ;GALON VINAGRE D CAMPO ;233;1580;Indefinido
ACEITE MANICERO 8/1 GL UD;ACEITE MANICERO 8/1 GL UD;8;400;Indefinido
CAJA ACEITE EL GALLO 2/1 JUMBO;CAJA ACEITE EL GALLO 2/1 JUMBO;51;700;Indefinido
PAQ. SERVILLETA CHAVALIN 400/1;PAQ. SERVILLETA CHAVALIN 400/1;249;1765;Indefinido
SACO DETERGENTE YA 30 LB.;SACO DETERGENTE YA 30 LB.;4;320;Indefinido
FARDO DETERGENTE BRILLANTE 72/200 ;FARDO DETERGENTE BRILLANTE 72/200 ;1;20;Indefinido
FARDOS PAPEL DURO DUPLIS 30/1;FARDOS PAPEL DURO DUPLIS 30/1;6;410;Indefinido
PAQ. CUCHARAS PLASTICAS 25/1 FLEXO PACK;PAQ. CUCHARAS PLASTICAS 25/1 FLEXO PACK;160;25;Indefinido
FARDOS PAPEL BINGO SENCILLO 1/ROLLO ;FARDOS PAPEL BINGO SENCILLO 1/ROLLO ;1;25;Indefinido
PAPER AROMA FAMILIAR GRANDE ROLLO;PAPER AROMA FAMILIAR GRANDE ROLLO;288;23;Indefinido
PAPEL SCOTT DOBLE ;PAPEL SCOTT DOBLE ;509;15;Indefinido
PAPEL DOMINOS FRAGANCIA ACTIVA ;PAPEL DOMINOS FRAGANCIA ACTIVA ;168;910;Indefinido
REFRESCOS COUNTRY MERENGUE 12 ;REFRESCOS COUNTRY MERENGUE 12 ;172;675;Indefinido
BANDEJAS KATAE S/D 200/1;BANDEJAS KATAE S/D 200/1;1;70;Indefinido
DETERGENTE MR COMPADRE 30/LIB;DETERGENTE MR COMPADRE 30/LIB;14;45;Indefinido
ACEITE GALLO 24/1 UND.;ACEITE GALLO 24/1 UND.;197;140;Indefinido
ENERGIZANTE VIVE 100 15 ONZAS;ENERGIZANTE VIVE 100 15 ONZAS;24;15;Indefinido
LECHE DE COCO LA FAMOSA KILO ;LECHE DE COCO LA FAMOSA KILO ;54;20;Indefinido
REFRESCOS KOLA REAL NEGRA 400 ML.;REFRESCOS KOLA REAL NEGRA 400 ML.;816;10;Indefinido
REFRESCOS COCA COLA 12 ONZAS;REFRESCOS COCA COLA 12 ONZAS;288;60;Indefinido
REFRESCOS KOLA REAL LIMON 7 ONZAS;REFRESCOS KOLA REAL LIMON 7 ONZAS;168;10;Indefinido
REFRESCOS COCA COLA 1.25 LT. ;REFRESCOS COCA COLA 1.25 LT. ;18;700;Indefinido
PAPEL BINGO SENCILLO 1/ROLLO 48/1 UD.;PAPEL BINGO SENCILLO 1/ROLLO 48/1 UD.;86;70;Indefinido
CAJA MALTA MORENA MED 24/2;CAJA MALTA MORENA MED 24/2;33;125;Indefinido
PAQ. CLORO POTESITO 20/1;PAQ. CLORO POTESITO 20/1;82;15;Indefinido
ESCOBAS MELINA PLASTICAS GDE;ESCOBAS MELINA PLASTICAS GDE;23;10;Indefinido
REFRESCOS KOLA REAL FRAMBUEZA 7 ;REFRESCOS KOLA REAL FRAMBUEZA 7 ;19;38;Indefinido
LIBRA SAL MOLIDA ;LIBRA SAL MOLIDA ;220;180;Indefinido
ARROZ CAMPOS 1 LB.;ARROZ CAMPOS 1 LB.;80;120;Indefinido
ARROZ CAMPOS  5 LB.;ARROZ CAMPOS  5 LB.;22;1600;Indefinido
PAQ. SORBETES TERMO ENVASE 500 UD;PAQ. SORBETES TERMO ENVASE 500 UD;26;26;Indefinido
SACOS MAIZ AMERICANO DE GALLO 100 ;SACOS MAIZ AMERICANO DE GALLO 100 ;1;300;Indefinido
SACO ARROZ ROYAR 125 LB;SACO ARROZ ROYAR 125 LB;16;20;Indefinido
SACOS ARROZ SELLO ROJO 10 LB.;SACOS ARROZ SELLO ROJO 10 LB.;17;25;Indefinido
JUGO NARANJA RICA 200 ML.;JUGO NARANJA RICA 200 ML.;113;60;Indefinido
LECHE LISTAMILK 250ML.;LECHE LISTAMILK 250ML.;107;45;Indefinido
LECHE CARNATION 48/1 315GRS-;LECHE CARNATION 48/1 315GRS-;861;50;Indefinido
LECHE LISTAMILK MED.;LECHE LISTAMILK MED.;72;65;Indefinido
LECHE EVAPORADA RICA  11.2 OZ MED;LECHE EVAPORADA RICA  11.2 OZ MED;380;1080;Indefinido
LECHE LISTA MILK 1LITRO;LECHE LISTA MILK 1LITRO;292;0;Indefinido
CAJAS MAYONESA BALDOM 12/16 ONZAS;CAJAS MAYONESA BALDOM 12/16 ONZAS;2;45;Indefinido
CAJAS LECHE CARNATION JUMBO 48/1;CAJAS LECHE CARNATION JUMBO 48/1;1;1515;Indefinido
LECHE CARNATION 145GR.;LECHE CARNATION 145GR.;216;160;Indefinido
CAJAS GUANDULES VERDE FAMOSA 24/15 ;CAJAS GUANDULES VERDE FAMOSA 24/15 ;3;410;Indefinido
PAQ. VASO #3 CAFE;PAQ. VASO #3 CAFE;41;120;Indefinido
PAQ. SAZON SUPER COMPLETO BALDOM 8 ;PAQ. SAZON SUPER COMPLETO BALDOM 8 ;49;850;Indefinido
FALDO FUNDA NEGRA BUENA;FALDO FUNDA NEGRA BUENA;5;45;Indefinido
FARDOS FUNDAS NEGRAS 10/1;FARDOS FUNDAS NEGRAS 10/1;7;35;Indefinido
LECHE EVAPORADA RICA  8.5 OZ. PEQ.;LECHE EVAPORADA RICA  8.5 OZ. PEQ.;157;35;Indefinido
ENERGIZANTE VIVE 100 CHERRY FRESA ;ENERGIZANTE VIVE 100 CHERRY FRESA ;19;45;Indefinido
GATORADE NARANJA 24/13 ONZAS;GATORADE NARANJA 24/13 ONZAS;18;35;Indefinido
ENERGIZANTE VIVE 100 15 ONZAS;ENERGIZANTE VIVE 100 15 ONZAS;32;100;Indefinido
ENERGIZANTE VIVE 100 MANZANA MIX 300 ;ENERGIZANTE VIVE 100 MANZANA MIX 300 ;72;130;Indefinido
SAZON LIQUIDO NORTEÃƒâ€˜O GALON ;SAZON LIQUIDO NORTEÃƒâ€˜O GALON ;83;1930;Indefinido
PAQ. VASO NO. 2 CAFE 100/UD. ;PAQ. VASO NO. 2 CAFE 100/UD. ;61;0;Indefinido
CAJAS MAYONESA BADOM TAPA ROJA ;CAJAS MAYONESA BADOM TAPA ROJA ;4;700;Indefinido
CAJAS MAYONESA BALDOM TAPA ROJA ;CAJAS MAYONESA BALDOM TAPA ROJA ;10;30;Indefinido
CAJAS CATCHUP FAMOSA SOBRE 8/1;CAJAS CATCHUP FAMOSA SOBRE 8/1;12;2450;Indefinido
BOMBILLOS CORAL 100  V.;BOMBILLOS CORAL 100  V.;105;2850;Indefinido
SACO DE ARROZ ALBERTO 100LB;SACO DE ARROZ ALBERTO 100LB;8;600;Indefinido
SACOS ARROZ SELECTO JR 125 LB-;SACOS ARROZ SELECTO JR 125 LB-;7;3300;Indefinido
SACO ARROZ SELLO.ROJO 20 LB;SACO ARROZ SELLO.ROJO 20 LB;21;2900;Indefinido
SACOS AZUCAR BLANCA PAPAGAYO 125 ;SACOS AZUCAR BLANCA PAPAGAYO 125 ;8;3750;Indefinido
SACOS AZUCAR CREMA CAÑA LINDA 125 ;SACOS AZUCAR CREMA CAÑA LINDA 125 ;31;0;Indefinido
SACOS HABICHUELAS NEGRAS 100 LB-;SACOS HABICHUELAS NEGRAS 100 LB-;7;1000;Indefinido
SACOS ARROZ PONOMO SELECTO 50 LBS;SACOS ARROZ PONOMO SELECTO 50 LBS;2;75;Indefinido
SACOS MAIZ PALOMITA 50 LB.;SACOS MAIZ PALOMITA 50 LB.;3;70;Indefinido
LIBRA HABICHELA ROJA ;LIBRA HABICHELA ROJA ;100;0;Indefinido
HABICHUELA YACOMELO LB;HABICHUELA YACOMELO LB;300;0;Indefinido
SACO HABICHUELA GIRA 100 ;SACO HABICHUELA GIRA 100 ;2;1900;Indefinido
SACO HARINA OZAMA 100 LIB;SACO HARINA OZAMA 100 LIB;6;950;Indefinido
FARDOS ARROZ CAMPOS 60/LB.;FARDOS ARROZ CAMPOS 60/LB.;4;35;Indefinido
SACOS MAIZ CHENCHEN 50 LB;SACOS MAIZ CHENCHEN 50 LB;1;35;Indefinido
GATORADE UVAS 13 ONZAS;GATORADE UVAS 13 ONZAS;40;50;Indefinido
ENERGISANTE 911  500ML.;ENERGISANTE 911  500ML.;176;180;Indefinido
GATORADE UVAS 20 ONZAS;GATORADE UVAS 20 ONZAS;1475;75;Indefinido
PAQ. CAFE SANTO DOMINGO 12/1;PAQ. CAFE SANTO DOMINGO 12/1;18;8;Indefinido
LECHE MILEX 125G. FUNDA;LECHE MILEX 125G. FUNDA;2;10;Indefinido
SAZON RICOMPLETO AZAFRAN SOBRE;SAZON RICOMPLETO AZAFRAN SOBRE;192;15;Indefinido
AJO BALDOM PASTA SOBRE;AJO BALDOM PASTA SOBRE;60;100;Indefinido
PAPEL DURO DOBLE ;PAPEL DURO DOBLE ;17;410;Indefinido
HARINA DEL NEGRITO 16 ONZAS;HARINA DEL NEGRITO 16 ONZAS;5;445;Indefinido
PAQ. CHOCOLATE MUNNE 60/1;PAQ. CHOCOLATE MUNNE 60/1;7;30;Indefinido
PAQ. CHOCOLATE EMBAJADOR 60/1 UD.;PAQ. CHOCOLATE EMBAJADOR 60/1 UD.;4;25;Indefinido
SOPA CHINA DE VASO POLLO 2.25 ONZA;SOPA CHINA DE VASO POLLO 2.25 ONZA;104;30;Indefinido
WINASORB ULTRA SOBRE;WINASORB ULTRA SOBRE;22;8;Indefinido
DETERGENTE BRILLANTE 200 GRS;DETERGENTE BRILLANTE 200 GRS;149;25;Indefinido
LIBRAS SAL EN GRANO ;LIBRAS SAL EN GRANO ;82;70;Indefinido
SALSA LINDA 5OZ 36/1 UD;SALSA LINDA 5OZ 36/1 UD;1;70;Indefinido
SALSA LINDA 24/1 MED KILO 475G 16.77OZ;SALSA LINDA 24/1 MED KILO 475G 16.77OZ;10;360;Indefinido
SALSA FAMOSA 1/2 KILO 24/1;SALSA FAMOSA 1/2 KILO 24/1;22;110;Indefinido
SALSA LINDA 6/7;SALSA LINDA 6/7;9;120;Indefinido
CATCHUP LINDA 24/1KL;CATCHUP LINDA 24/1KL;20;125;Indefinido
SALSA LINDA 1 KL.;SALSA LINDA 1 KL.;20;340;Indefinido
SALSA VICTORINA 1 KILO;SALSA VICTORINA 1 KILO;13;65;Indefinido
CATCHUP LINDA 6/7;CATCHUP LINDA 6/7;4;50;Indefinido
GUANDULES LA FAMOSA C/COCO 8OZ;GUANDULES LA FAMOSA C/COCO 8OZ;175;60;Indefinido
GUANDULES NATURAL FAMOSA PEQ. 8 OZ.;GUANDULES NATURAL FAMOSA PEQ. 8 OZ.;285;65;Indefinido
MAIZ VICTORINA GDE 24/1;MAIZ VICTORINA GDE 24/1;17;55;Indefinido
GARBANZOS LA FAMOSA 15 OZ;GARBANZOS LA FAMOSA 15 OZ;1;65;Indefinido
HABICHUELA NEGRA LA FAMOSA 15 OZ;HABICHUELA NEGRA LA FAMOSA 15 OZ;26;55;Indefinido
PETIT POIS LA FAMOSA  15OZ.;PETIT POIS LA FAMOSA  15OZ.;45;40;Indefinido
SARDINA PACO FISH  215 G.;SARDINA PACO FISH  215 G.;32;100;Indefinido
SARDINAS BALDOM VERDE CHATA;SARDINAS BALDOM VERDE CHATA;46;300;Indefinido
PAQ. SAZON CRIOLLO 50/1;PAQ. SAZON CRIOLLO 50/1;4;70;Indefinido
CATCHUP ESPALSA 4/1 GL;CATCHUP ESPALSA 4/1 GL;2;40;Indefinido
TUNA BRUNSWICK DEMENUSADA EN AGUA ;TUNA BRUNSWICK DEMENUSADA EN AGUA ;17;240;Indefinido
ACEITUNA Y ALCAPARRA 48/1;ACEITUNA Y ALCAPARRA 48/1;28;55;Indefinido
ACEITE OLIVA LA FAMOSA 500 ML.;ACEITE OLIVA LA FAMOSA 500 ML.;12;800;Indefinido
ALOE VERA ORGINAL 330 ML-;ALOE VERA ORGINAL 330 ML-;10;120;Indefinido
CAJA GELATINA DADY;CAJA GELATINA DADY;3;2940;Indefinido
PAQ. JUGOS YA PIÑA 12/1;PAQ. JUGOS YA PIÑA 12/1;47;760;Indefinido
CAJAS LECHE MILEX 48/125 GRS;CAJAS LECHE MILEX 48/125 GRS;2;55;Indefinido
CAJA GALLETAS GUARINAS DE LECHE 24/1;CAJA GALLETAS GUARINAS DE LECHE 24/1;3;0;Indefinido
PAQ. VAINILLA POTESITO 20/1;PAQ. VAINILLA POTESITO 20/1;14;385;Indefinido
PAQ. CUCHARA PLASTICA BAMBINO 25UDS;PAQ. CUCHARA PLASTICA BAMBINO 25UDS;2121;20;Indefinido
LIBRAS NUEZ MOSCADA;LIBRAS NUEZ MOSCADA;15;31;Indefinido
VAINILLA REAL 5 ONZAS;VAINILLA REAL 5 ONZAS;20;130;Indefinido
LIBRAS AZUCAR BLANCA;LIBRAS AZUCAR BLANCA;161;0;Indefinido
PAQ. GALLINITAS CON TOMATE 24/1;PAQ. GALLINITAS CON TOMATE 24/1;12;50;Indefinido
LIBRAS AJINOMOTO;LIBRAS AJINOMOTO;42;80;Indefinido
LIBRAS BICARBONATO ;LIBRAS BICARBONATO ;75;0;Indefinido
PAQ. AVENA QUAKER INSTANTANEA 650G.;PAQ. AVENA QUAKER INSTANTANEA 650G.;1;110;Indefinido
JUGOS NARANJAYA UNID.;JUGOS NARANJAYA UNID.;72;0;Indefinido
CAJA SAZON GALLINITA MAGGI 12/12/56/1;CAJA SAZON GALLINITA MAGGI 12/12/56/1;2;120;Indefinido
PAQ. SALSA BELLA SOBRE 12/1;PAQ. SALSA BELLA SOBRE 12/1;12;3380;Indefinido
PAQ. JUGOS YA FRUIT PUNH SOBRE;PAQ. JUGOS YA FRUIT PUNH SOBRE;4;135;Indefinido
CAJAS LECHE NIDO CRECIMIENTO 48/1 ;CAJAS LECHE NIDO CRECIMIENTO 48/1 ;3;185;Indefinido
GUANDULES VERDE FAMOSA 12/1 KILO UD.;GUANDULES VERDE FAMOSA 12/1 KILO UD.;34;130;Indefinido
GUANDULES C/COCO FAMOSA 12/1 KILO ;GUANDULES C/COCO FAMOSA 12/1 KILO ;10;1320;Indefinido
MAIZ LA FAMOSA 1 KILO;MAIZ LA FAMOSA 1 KILO;32;225;Indefinido
CAJA MAYONESA ESPALSA 6/1/2 GALON;CAJA MAYONESA ESPALSA 6/1/2 GALON;1;18;Indefinido
AVENA EL REY ENTERA 5 LB.;AVENA EL REY ENTERA 5 LB.;10;250;Indefinido
HARINA MAZORCA  UD.;HARINA MAZORCA  UD.;160;260;Indefinido
CODITOS PRINCESA 10/LB;CODITOS PRINCESA 10/LB;28;35;Indefinido
PAQ. CODITOS MILANO 10 LB;PAQ. CODITOS MILANO 10 LB;40;35;Indefinido
SPAGUETTI PRINCESA 1 LIB.;SPAGUETTI PRINCESA 1 LIB.;140;35;Indefinido
ESPAGUETIS MILANO EMP. 400G.;ESPAGUETIS MILANO EMP. 400G.;180;270;Indefinido
ESPAGUETIS MILANO EMP.200 G.;ESPAGUETIS MILANO EMP.200 G.;160;35;Indefinido
PAQ. PASTAS MILANO FIDEOS 10 LB-;PAQ. PASTAS MILANO FIDEOS 10 LB-;3;35;Indefinido
FIDEOS FINO MILANO 175 G.;FIDEOS FINO MILANO 175 G.;182;35;Indefinido
EMPACADO MOSTACHOLIS PRINCESA LB.;EMPACADO MOSTACHOLIS PRINCESA LB.;40;110;Indefinido
CODITOS PRINCESA 1 LB.;CODITOS PRINCESA 1 LB.;40;85;Indefinido
PAQ. SAZON SUPER COMPLETO BALDOM ;PAQ. SAZON SUPER COMPLETO BALDOM ;0;13;Indefinido
LECHE NIDO CREC. PREBIO SOBRE 120 G.;LECHE NIDO CREC. PREBIO SOBRE 120 G.;7;25;Indefinido
GALLETAS GUARINAS DE LECHE ;GALLETAS GUARINAS DE LECHE ;36;450;Indefinido
PASA LIGO PEQUENA UD.;PASA LIGO PEQUENA UD.;30;20;Indefinido
CAJA GALLETAS GUARINAS DE LECHE 48/1;CAJA GALLETAS GUARINAS DE LECHE 48/1;3;520;Indefinido
JABON KINDER MIEL PEQ;JABON KINDER MIEL PEQ;85;920;Indefinido
CAJAS FABULOSO PASSION DE FRUTAS ;CAJAS FABULOSO PASSION DE FRUTAS ;2;100;Indefinido
CAJA BOLA AZUL 10/5;CAJA BOLA AZUL 10/5;1;0;Indefinido
AMBIENTADOR GLADE BLUE;AMBIENTADOR GLADE BLUE;10;10;Indefinido
PAQ. PASTAS JABON RIO 5/1;PAQ. PASTAS JABON RIO 5/1;20;30;Indefinido
DESINFECTANTE FABULOSO LAVANDA ;DESINFECTANTE FABULOSO LAVANDA ;72;30;Indefinido
CLOROSOL 16/OZ 24/1 UD.;CLOROSOL 16/OZ 24/1 UD.;18;35;Indefinido
CLORO BLANCOX 24/1;CLORO BLANCOX 24/1;3;45;Indefinido
CLOROSOL 12/0.95 ML;CLOROSOL 12/0.95 ML;12;80;Indefinido
DESINFECTANTE MISTOLIN FRAGANCIA ;DESINFECTANTE MISTOLIN FRAGANCIA ;13;100;Indefinido
DESIFECTANTE FABULOSO LAVANDA 900 ;DESIFECTANTE FABULOSO LAVANDA 900 ;3;15;Indefinido
AMBIENTADOR GLADE 8 OZ. APPLE ;AMBIENTADOR GLADE 8 OZ. APPLE ;7;70;Indefinido
SUAVISANTE DOWNY SOBRE;SUAVISANTE DOWNY SOBRE;241;10;Indefinido
PAQ. CLORO MED 20/1;PAQ. CLORO MED 20/1;1;25;Indefinido
DESINFECTANTE FABULOSO SOBRE ;DESINFECTANTE FABULOSO SOBRE ;93;15;Indefinido
JABON BOLA AZUL GDE;JABON BOLA AZUL GDE;87;790;Indefinido
JABON BOLA AZUL PEQ.;JABON BOLA AZUL PEQ.;40;520;Indefinido
CAJA JABON SUNAMI 50/1;CAJA JABON SUNAMI 50/1;6;10;Indefinido
CAJAS DESINFECTANTE FABULOSO 6/12/1;CAJAS DESINFECTANTE FABULOSO 6/12/1;7;90;Indefinido
SERVILLETA BINGO 40/1 UND ;SERVILLETA BINGO 40/1 UND ;714;60;Indefinido
PAPEL ALUMINIO ALUSEL 75 PIES;PAPEL ALUMINIO ALUSEL 75 PIES;18;60;Indefinido
MAYONESA ESPARSA 14 ONZAS;MAYONESA ESPARSA 14 ONZAS;30;75;Indefinido
CATCHUP ESPARSA 14 ONZAS;CATCHUP ESPARSA 14 ONZAS;12;45;Indefinido
PAQ. CLORO MACIER MED.;PAQ. CLORO MACIER MED.;13;35;Indefinido
PAQ. FUNDAS DE PAPEL NO. 4;PAQ. FUNDAS DE PAPEL NO. 4;13;150;Indefinido
PAQ. FUNDAS DE PAPEL NO. 2;PAQ. FUNDAS DE PAPEL NO. 2;2;45;Indefinido
HARINA DEL NEGRITO 28 ONZAS;HARINA DEL NEGRITO 28 ONZAS;12;60;Indefinido
PAPER DE ALUMINIUN FIOL ;PAPER DE ALUMINIUN FIOL ;38;90;Indefinido
PAQ. COQUI 12/1;PAQ. COQUI 12/1;1;25;Indefinido
MAIZENA DURYEA 425 GRS.;MAIZENA DURYEA 425 GRS.;13;0;Indefinido
HARINA EL NEGRITO 4.5 OZ;HARINA EL NEGRITO 4.5 OZ;40;180;Indefinido
PAQ. CALDO DE POLLO MAGGI 240/1;PAQ. CALDO DE POLLO MAGGI 240/1;2;80;Indefinido
PAQ. LAPICERO BIC 24/1;PAQ. LAPICERO BIC 24/1;8;90;Indefinido
JABON SUNAMI OLOR BEBE AMARILLO 5/1;JABON SUNAMI OLOR BEBE AMARILLO 5/1;5;270;Indefinido
JABON HISPANO BEBE 5/1;JABON HISPANO BEBE 5/1;1;250;Indefinido
PAQ. ESPAGUETTIS MILANO 10 LB.;PAQ. ESPAGUETTIS MILANO 10 LB.;7;35;Indefinido
PAQ. FIDEOS FINO PRINCESA 10/LB;PAQ. FIDEOS FINO PRINCESA 10/LB;4;260;Indefinido
EMPACADO FIDEOS PRINCESA LB.;EMPACADO FIDEOS PRINCESA LB.;40;250;Indefinido
PAQ. ESPAGUETTIS MILANO 10 LB.;PAQ. ESPAGUETTIS MILANO 10 LB.;38;850;Indefinido
PAQ. ESPAGUETIS PRINCESA 10/LBS;PAQ. ESPAGUETIS PRINCESA 10/LBS;49;900;Indefinido
CAJAS JABON HISPANO BEBE 50/1;CAJAS JABON HISPANO BEBE 50/1;21;7800;Indefinido
CAJA BOLA AZUL 50/1;CAJA BOLA AZUL 50/1;5;10;Indefinido
CAJA CALDO DE POLLO DOÑÁ GALLINA ;CAJA CALDO DE POLLO DOÑÁ GALLINA ;3;2885;Indefinido
AVENA ENTERA SOBRE MINI QUAKER;AVENA ENTERA SOBRE MINI QUAKER;142;2720;Indefinido
CAJAS SALSA VICTORINA KILO 24/1;CAJAS SALSA VICTORINA KILO 24/1;1;65;Indefinido
CAJA SALSA LA FAMOSA 24/KILO;CAJA SALSA LA FAMOSA 24/KILO;1;150;Indefinido
ALCAPARRADO VALENCIANA 14. OZ S/P;ALCAPARRADO VALENCIANA 14. OZ S/P;12;160;Indefinido
LIBRAS LECHE ARLA ;LIBRAS LECHE ARLA ;30;25;Indefinido
DESINFECTANTE PODERESO GALON;DESINFECTANTE PODERESO GALON;17;75;Indefinido
SARDINAS DIMAR T/P;SARDINAS DIMAR T/P;55;35;Indefinido
SARDINAS DIMAR C/MAIZ 24/15 ONZAS;SARDINAS DIMAR C/MAIZ 24/15 ONZAS;68;62;Indefinido
VAINILLA 24/1;VAINILLA 24/1;27;65;Indefinido
PAQ. SHAMPOO 20/1 POTESITO;PAQ. SHAMPOO 20/1 POTESITO;59;15;Indefinido
MIEL 24/2;MIEL 24/2;45;0;Indefinido
SAL REFISAL 5 ONZAS;SAL REFISAL 5 ONZAS;112;1055;Indefinido
CAJAS SHAMPOO POTESITO 4/20;CAJAS SHAMPOO POTESITO 4/20;2;435;Indefinido
CAJAS MAIZ ALCAMPO 24/425 GRS;CAJAS MAIZ ALCAMPO 24/425 GRS;1;90;Indefinido
GUANDULES NATURAL LA FAMOSA 6/7 LB.;GUANDULES NATURAL LA FAMOSA 6/7 LB.;3;1535;Indefinido
COCOA SOBRINO 8 ONZ;COCOA SOBRINO 8 ONZ;22;1715;Indefinido
CAJAS SAZON RICOMPLETO DOÑA ;CAJAS SAZON RICOMPLETO DOÑA ;2;25;Indefinido
CAJAS SAZON RICOMPLETO DOÑA ;CAJAS SAZON RICOMPLETO DOÑA ;2;30;Indefinido
SARDINAS PICA PICA 100/1 UD;SARDINAS PICA PICA 100/1 UD;24;70;Indefinido
MAIZENA DURYEA 95 GRS.;MAIZENA DURYEA 95 GRS.;174;55;Indefinido
MANTEQUILLA RICAMESA 1/LB;MANTEQUILLA RICAMESA 1/LB;12;75;Indefinido
MANTEQUILLA RICAMESA 1/2 LIB;MANTEQUILLA RICAMESA 1/2 LIB;30;140;Indefinido
ACEITE CRISOL 16 OZ. ;ACEITE CRISOL 16 OZ. ;38;1340;Indefinido
SALSA CHINA ISLEÑA DE 4/1 GALON;SALSA CHINA ISLEÑA DE 4/1 GALON;11;170;Indefinido
CAJAS MARGARINA RICA MESA 24/ LB.;CAJAS MARGARINA RICA MESA 24/ LB.;1;0;Indefinido
CALDO DE POLLO BALDOM 5 LB.;CALDO DE POLLO BALDOM 5 LB.;12;0;Indefinido
MAYONESA ESPALSA 1/2 GL;MAYONESA ESPALSA 1/2 GL;8;990;Indefinido
CAJAS CATCHUP ESPARSA 4/GALON;CAJAS CATCHUP ESPARSA 4/GALON;4;0;Indefinido
CAJAS MARGARINA MANICERA 30/0.5 LB.;CAJAS MARGARINA MANICERA 30/0.5 LB.;1;440;Indefinido
CALDO DE POLLO DE POLLO ESPALSA ;CALDO DE POLLO DE POLLO ESPALSA ;12;160;Indefinido
CAJAS GALLETAS GUARINAS DE LECHE ;CAJAS GALLETAS GUARINAS DE LECHE ;3;2050;Indefinido
PAQ. CALDO DE POLLO MOLIDO ESPASA ;PAQ. CALDO DE POLLO MOLIDO ESPASA ;6;0;Indefinido
CAJAS SARDINAS PACO FISH 24/15 ONZAS;CAJAS SARDINAS PACO FISH 24/15 ONZAS;4;0;Indefinido
CAJA ACEITE LA FAMOSA 12/500 ML;CAJA ACEITE LA FAMOSA 12/500 ML;1;440;Indefinido
ACEITE VERDE FAMOSA 24/1 8.45 OZ;ACEITE VERDE FAMOSA 24/1 8.45 OZ;12;1090;Indefinido
LIBRAS ANIS DE ESTRELLA;LIBRAS ANIS DE ESTRELLA;13;85;Indefinido
CAJA MIEL 24/2;CAJA MIEL 24/2;1;125;Indefinido
COCOA MUNNE 8/OZ;COCOA MUNNE 8/OZ;61;90;Indefinido
COCOA MUNNE 16/OZ;COCOA MUNNE 16/OZ;16;135;Indefinido
SARDINAS PACO FISH 15OZ. TOMATE;SARDINAS PACO FISH 15OZ. TOMATE;45;340;Indefinido
PAQ SAZON RANCHERO CON AZAFRAN ;PAQ SAZON RANCHERO CON AZAFRAN ;12;100;Indefinido
MAYONESA ESPALSA 4/1 GL;MAYONESA ESPALSA 4/1 GL;9;1410;Indefinido
CORN FLAKES COUTRY BARN S/ AZUCAR;CORN FLAKES COUTRY BARN S/ AZUCAR;23;15;Indefinido
CAJAS MARGARINA MANICERA  6/5 LB;CAJAS MARGARINA MANICERA  6/5 LB;5;10;Indefinido
SUAVITEL  FRESCA PRIMAVERA  SOBRE 85 ;SUAVITEL  FRESCA PRIMAVERA  SOBRE 85 ;60;25;Indefinido
DESINFECTANTE FABULOSO SOBRE ;DESINFECTANTE FABULOSO SOBRE ;96;1515;Indefinido
SAL REFRISAL 24/1 16/OZ;SAL REFRISAL 24/1 16/OZ;84;45;Indefinido
CAJAS SALSA LINDA 24/15 ONZAS;CAJAS SALSA LINDA 24/15 ONZAS;1;2190;Indefinido
SALSA LINDA 225G. 8OZ. 48/1 UD;SALSA LINDA 225G. 8OZ. 48/1 UD;55;20;Indefinido
CAJAS SALSA LINDA 6/7 LB.;CAJAS SALSA LINDA 6/7 LB.;2;350;Indefinido
JABON LAVADOR MIEL 75 GRS PEQ.;JABON LAVADOR MIEL 75 GRS PEQ.;192;95;Indefinido
PAQ. COCOA SOBRINO SOBRE 50/1;PAQ. COCOA SOBRINO SOBRE 50/1;13;5295;Indefinido
SAL REFISAL 5 LB;SAL REFISAL 5 LB;30;100;Indefinido
CAJA CHOCOLATE EMBAJADOR 12/60/1;CAJA CHOCOLATE EMBAJADOR 12/60/1;2;70;Indefinido
PAQ. RICOMPLETO 24/1 SOBRE;PAQ. RICOMPLETO 24/1 SOBRE;27;0;Indefinido
PAQ. CALDO DOÑA GALLINA 12 UND.;PAQ. CALDO DOÑA GALLINA 12 UND.;117;0;Indefinido
CAJA SAZON GALLINITA 60/12/1;CAJA SAZON GALLINITA 60/12/1;1;0;Indefinido
PAQ. VASOS TERMOENVANES NO. 10 ;PAQ. VASOS TERMOENVANES NO. 10 ;2;475;Indefinido
ACEITUNA Y ALCAPARRA 48/1;ACEITUNA Y ALCAPARRA 48/1;101;25;Indefinido
PAQ. AFEITADORA BIC CONFORT 24/1;PAQ. AFEITADORA BIC CONFORT 24/1;27;940;Indefinido
AFEITADORA PRESTO BARBA UND.;AFEITADORA PRESTO BARBA UND.;168;840;Indefinido
CAJA SAZON RANCHERO LIQUIDO 24/10 ;CAJA SAZON RANCHERO LIQUIDO 24/10 ;1;0;Indefinido
CAJAS SARDINAS BALDOM CHATA 24/125 ;CAJAS SARDINAS BALDOM CHATA 24/125 ;3;45;Indefinido
CAJA CALDO DE POLLO MAGGI BENEBIEN ;CAJA CALDO DE POLLO MAGGI BENEBIEN ;1;2430;Indefinido
AVENA EL REY 300 GRS;AVENA EL REY 300 GRS;14;6090;Indefinido
CAJAS PASAS LIGO 144/1;CAJAS PASAS LIGO 144/1;3;70;Indefinido
CAJAS DOÑA GALLINA  TOMATE ;CAJAS DOÑA GALLINA  TOMATE ;1;0;Indefinido
BOMBILLO BAJO CONSUMO EURO LAMP ;BOMBILLO BAJO CONSUMO EURO LAMP ;4;1060;Indefinido
CAJAS CALDO DE POLLO DOÑA GALLINA ;CAJAS CALDO DE POLLO DOÑA GALLINA ;10;2540;Indefinido
CAJAS SALSA CHINA RANCHERO 4/1 ;CAJAS SALSA CHINA RANCHERO 4/1 ;3;100;Indefinido
CAJAS TUNA BRONSWICK DESMENUZADA ;CAJAS TUNA BRONSWICK DESMENUZADA ;1;4665;Indefinido
SARDINAS PACO FISH C/COCO 15 OZ.;SARDINAS PACO FISH C/COCO 15 OZ.;75;135;Indefinido
CAJA BRILLO CROMANO 20/36/1;CAJA BRILLO CROMANO 20/36/1;1;600;Indefinido
PAQ. SAZON RANCHERO SUPREMO ;PAQ. SAZON RANCHERO SUPREMO ;27;0;Indefinido
VINAGRE BLANCO GALON 4/1;VINAGRE BLANCO GALON 4/1;1;615;Indefinido
CAJAS CALDO DE POLLO RANCHERO ;CAJAS CALDO DE POLLO RANCHERO ;1;70;Indefinido
CAJAS SAL REFISAL 4/10 LBS;CAJAS SAL REFISAL 4/10 LBS;3;1370;Indefinido
SARDINA DIMAR GDE 24/1;SARDINA DIMAR GDE 24/1;58;55;Indefinido
CAJAS SAZON AZAFRAN RANCHERO ;CAJAS SAZON AZAFRAN RANCHERO ;1;95;Indefinido
SARDINAS BRONSWICK CHATA ;SARDINAS BRONSWICK CHATA ;98;70;Indefinido
PAQ. MARGARINA MANICERA SOBRE 40 G ;PAQ. MARGARINA MANICERA SOBRE 40 G ;19;55;Indefinido
PAQ. ACEITUNA IGLLO 24/1;PAQ. ACEITUNA IGLLO 24/1;29;1660;Indefinido
MAIZ DULCE AL CAMPO 15 ONZAS;MAIZ DULCE AL CAMPO 15 ONZAS;146;970;Indefinido
CAJA AJO BALDOM 12/15.5 ONZAS;CAJA AJO BALDOM 12/15.5 ONZAS;3;545;Indefinido
CAJA AJO BALDOM 12/8 ONZAS;CAJA AJO BALDOM 12/8 ONZAS;1;400;Indefinido
CAJAS VINAGRE AMBAR BALDOM 24/15 ;CAJAS VINAGRE AMBAR BALDOM 24/15 ;4;25;Indefinido
PAQ. TOALLAS NOSOTRAS INV. RAPIGEL ;PAQ. TOALLAS NOSOTRAS INV. RAPIGEL ;9;1100;Indefinido
SAZON COMPLETO ESPALSA SOBRE 1/2 ;SAZON COMPLETO ESPALSA SOBRE 1/2 ;161;490;Indefinido
CAJAS MARGARINA MANICERA 12/12/2 ;CAJAS MARGARINA MANICERA 12/12/2 ;7;1790;Indefinido
CAJAS SAZON LIQUIDO RANCHERO 12/12/2 ;CAJAS SAZON LIQUIDO RANCHERO 12/12/2 ;8;400;Indefinido
CAJA AZAFRAN ADOBO RANCHERO 24/5.6 ;CAJA AZAFRAN ADOBO RANCHERO 24/5.6 ;1;900;Indefinido
CAJAS SALSA CHINA CONSTANZA 6/24/1;CAJAS SALSA CHINA CONSTANZA 6/24/1;7;940;Indefinido
CAJAS AJO CONSTANZA 6/24/1;CAJAS AJO CONSTANZA 6/24/1;7;1180;Indefinido
CAJA SAZON RANCHERO LIQ. 4/1 GL;CAJA SAZON RANCHERO LIQ. 4/1 GL;13;35;Indefinido
CAJA CATCHUP ESPARSA 4/GALON ;CAJA CATCHUP ESPARSA 4/GALON ;2;85;Indefinido
MALTA MORENA 355ML. MED.;MALTA MORENA 355ML. MED.;2;35;Indefinido
RESFRESCOS COLA COLA 2.5 LT.;RESFRESCOS COLA COLA 2.5 LT.;7;15;Indefinido
REFRESCOS COCA COLA 16 ONZ. ;REFRESCOS COCA COLA 16 ONZ. ;11;130;Indefinido
REFRESCOS COUNTRY CLUB UVA 13 ;REFRESCOS COUNTRY CLUB UVA 13 ;21;130;Indefinido
PAQ. AGUA PLANETA 20/1 FLD;PAQ. AGUA PLANETA 20/1 FLD;193;190;Indefinido
PAQ. TABACO SAN JOSE 12/1;PAQ. TABACO SAN JOSE 12/1;8;1900;Indefinido
PIEZA JAMONETA ALEGRIA 2 LIB;PIEZA JAMONETA ALEGRIA 2 LIB;5;450;Indefinido
CAJA DE ARENQUE ;CAJA DE ARENQUE ;10;20;Indefinido
CAJAS GALLETAS GUARINAS DE LECHE ;CAJAS GALLETAS GUARINAS DE LECHE ;4;100;Indefinido
SOPAS CHINA KINSU SOBRE;SOPAS CHINA KINSU SOBRE;73;80;Indefinido
PAQ. SERVILLETAS DOMINO 500/1;PAQ. SERVILLETAS DOMINO 500/1;6;25;Indefinido
PAQ. AVENA QUACKER 2/LB MOLIDA;PAQ. AVENA QUACKER 2/LB MOLIDA;18;2400;Indefinido
PAQ. PALILLO FRUTERO MED. ;PAQ. PALILLO FRUTERO MED. ;100;520;Indefinido
CAJAS PASAS LIGO 36/250 GRS.;CAJAS PASAS LIGO 36/250 GRS.;1;920;Indefinido
CAJAS FABULOSO 6/12/1;CAJAS FABULOSO 6/12/1;4;5700;Indefinido
CAJAS BOLA AZUL ;CAJAS BOLA AZUL ;7;6140;Indefinido
CAJA BRUGAL EXTRAVIEJO 12/750ML.;CAJA BRUGAL EXTRAVIEJO 12/750ML.;2;5050;Indefinido
CAJAS RON BRUGAL XV 12/700 ML.;CAJAS RON BRUGAL XV 12/700 ML.;2;5725;Indefinido
CAJAS KING PRIDE 24/2;CAJAS KING PRIDE 24/2;5;6400;Indefinido
CAJAS BRUGAL BLANCO 12/700ML;CAJAS BRUGAL BLANCO 12/700ML;1;5800;Indefinido
CAJAS RON BRUGAL XV 24/2;CAJAS RON BRUGAL XV 24/2;2;5120;Indefinido
CAJAS BRUGAL EXTRAVIEJO 24/350ML;CAJAS BRUGAL EXTRAVIEJO 24/350ML;3;5050;Indefinido
CAJAS BRUGAL BLANCO 24/2;CAJAS BRUGAL BLANCO 24/2;1;5790;Indefinido
CAJAS KING PRIDE 12/1;CAJAS KING PRIDE 12/1;2;0;Indefinido
CAJAS BRUGAL EXTRAVIEJO 12/700ML;CAJAS BRUGAL EXTRAVIEJO 12/700ML;5;135;Indefinido
CAJAS WHISKY KING PRIDE 24/4 ;CAJAS WHISKY KING PRIDE 24/4 ;2;185;Indefinido
PASTA DENTAL COLGATE MAX. PROT. ;PASTA DENTAL COLGATE MAX. PROT. ;24;85;Indefinido
PASTA DENTAL COLGATE TOTAL 12 100 ;PASTA DENTAL COLGATE TOTAL 12 100 ;24;1230;Indefinido
PASTA DENTAL COLGATE TOTAL 50 ML.;PASTA DENTAL COLGATE TOTAL 50 ML.;24;3840;Indefinido
CAJAS SALSA VICTORINA 12/12/2 ONZAS;CAJAS SALSA VICTORINA 12/12/2 ONZAS;6;130;Indefinido
CAJAS KING PRIDE 48/1 PETAQUITA;CAJAS KING PRIDE 48/1 PETAQUITA;10;540;Indefinido
CREMORA COUNTRY BARN 11 OZ.;CREMORA COUNTRY BARN 11 OZ.;11;8457;Indefinido
PAQ. PAÑALES HUGGIES JUMBO NO. 2;PAQ. PAÑALES HUGGIES JUMBO NO. 2;23;110;Indefinido
CAJAS COLGATE TRIPLE ACCION MED. ;CAJAS COLGATE TRIPLE ACCION MED. ;1;210;Indefinido
PAQ. CAFE SANTO DOMINGO  1/2 LB.;PAQ. CAFE SANTO DOMINGO  1/2 LB.;43;180;Indefinido
PAQ. CAFE SANTO DOMINGO. 1 LB.;PAQ. CAFE SANTO DOMINGO. 1 LB.;35;250;Indefinido
PAQ. CAFE PURO SOBRE 24/1;PAQ. CAFE PURO SOBRE 24/1;73;4285;Indefinido
CAJAS CEPILLO COLGATE CLASICO 12/1;CAJAS CEPILLO COLGATE CLASICO 12/1;1;170;Indefinido
FARDOS CAFE SANTO DOMINGO 24/12 ;FARDOS CAFE SANTO DOMINGO 24/12 ;2;310;Indefinido
CREMORA COFFE CREAMER LIBBY? 11 ;CREMORA COFFE CREAMER LIBBY? 11 ;12;90;Indefinido
CREMORA COFFE CREAMER LIBBY? 35 ;CREMORA COFFE CREAMER LIBBY? 35 ;10;200;Indefinido
CREMOLA COUNTRY BAR 6 ONZAS;CREMOLA COUNTRY BAR 6 ONZAS;43;0;Indefinido
CREMOLA COFFEE CREAMER 22 ONZAS;CREMOLA COFFEE CREAMER 22 ONZAS;19;0;Indefinido
CAJAS PASTA COLGATE NORMAL 12/12/22 ;CAJAS PASTA COLGATE NORMAL 12/12/22 ;1;0;Indefinido
FARDOS FUNDAS PLASTICAS NO. 72;FARDOS FUNDAS PLASTICAS NO. 72;1;0;Indefinido
FARDOS FUNDAS DE BASURA 30/5/1;FARDOS FUNDAS DE BASURA 30/5/1;4;0;Indefinido
FARDOS FUNDAS PLASTICAS ;FARDOS FUNDAS PLASTICAS ;20;0;Indefinido
FARDOS FUNDAS PLASTICAS NO. 50;FARDOS FUNDAS PLASTICAS NO. 50;4;0;Indefinido
FARDOS FUNDAS FUNDAS PLASTICAS NO. ;FARDOS FUNDAS FUNDAS PLASTICAS NO. ;3;0;Indefinido
MACARRONES & QUESO 206GR.;MACARRONES & QUESO 206GR.;108;0;Indefinido
CAJAS SALSA LINDA KILO 24/1;CAJAS SALSA LINDA KILO 24/1;5;0;Indefinido
PAQ. CORN FLAKES CHOCOLITAS 4 LB.;PAQ. CORN FLAKES CHOCOLITAS 4 LB.;2;0;Indefinido
PAQ. CORN FLAKES AZUCARITAS 5LIB.;PAQ. CORN FLAKES AZUCARITAS 5LIB.;14;0;Indefinido
PAQ. CASABE TRIANGULAR EL PREFERIDO ;PAQ. CASABE TRIANGULAR EL PREFERIDO ;28;0;Indefinido
DESINFECTANTE FABULOSO LAVANDA 450 ;DESINFECTANTE FABULOSO LAVANDA 450 ;42;0;Indefinido
FABULOSO BABY 900 ML.;FABULOSO BABY 900 ML.;36;0;Indefinido
CAJAS VINO LA FUERZA 12/1;CAJAS VINO LA FUERZA 12/1;9;0;Indefinido
CAJAS VINO LA FUERZA 24/2;CAJAS VINO LA FUERZA 24/2;1;0;Indefinido
CAJA GALLETAS DINO 18/12/1;CAJA GALLETAS DINO 18/12/1;1;0;Indefinido
JUGO MOSTTS 10 OZ. MANZANA;JUGO MOSTTS 10 OZ. MANZANA;140;0;Indefinido
FIDEOS GRUESO MILANO 175 G.;FIDEOS GRUESO MILANO 175 G.;7;0;Indefinido
FIDEOS MILANO EMP. FINO 350  G.;FIDEOS MILANO EMP. FINO 350  G.;230;0;Indefinido
EMPACADO ESPIRAL PRINCESA 1/LB;EMPACADO ESPIRAL PRINCESA 1/LB;88;0;Indefinido
AVENA MOLIDA SOBRE;AVENA MOLIDA SOBRE;828;0;Indefinido
PAQ. LAPICERO LA UNION 36/1;PAQ. LAPICERO LA UNION 36/1;7;0;Indefinido
SALSA CHINA RANCHERO 4/1;SALSA CHINA RANCHERO 4/1;8;0;Indefinido
VINAGRE CORIENTE GALON ;VINAGRE CORIENTE GALON ;1;0;Indefinido
VINAGRE BALDOM GALON ;VINAGRE BALDOM GALON ;9;0;Indefinido
SAZON LIQ. RANCHERO 29 OZ.;SAZON LIQ. RANCHERO 29 OZ.;26;0;Indefinido
SAZON RANCHERO LIQUIDO 15.5  ONZ.;SAZON RANCHERO LIQUIDO 15.5  ONZ.;10;0;Indefinido
VINAGRE BALDOM RANCHERO 16 ONZA;VINAGRE BALDOM RANCHERO 16 ONZA;18;0;Indefinido
LIBRAS DETERGENTE ;LIBRAS DETERGENTE ;29;0;Indefinido
SALSA CHINA RANCHERO 23OZ.;SALSA CHINA RANCHERO 23OZ.;9;0;Indefinido
CATCHUP BALDOM  PLASTICO  14 OZ.;CATCHUP BALDOM  PLASTICO  14 OZ.;27;0;Indefinido
MOSTASA 12/OZ;MOSTASA 12/OZ;3;0;Indefinido
LECHE EVAPORADA BALDOM 13 ONZAS;LECHE EVAPORADA BALDOM 13 ONZAS;18;0;Indefinido
LECHE EVAPORADA BALDOM 6 ONZA;LECHE EVAPORADA BALDOM 6 ONZA;32;0;Indefinido
MAYONESA BALDON 16OZ.;MAYONESA BALDON 16OZ.;3;0;Indefinido
SAZON RANCHERO LIQUIDO 10 OZ PÑO;SAZON RANCHERO LIQUIDO 10 OZ PÑO;10;0;Indefinido
MAYONESA BALDOM 8OZ. UND.;MAYONESA BALDOM 8OZ. UND.;10;0;Indefinido
AJO EN PASTA BALDOM 8 OZ.;AJO EN PASTA BALDOM 8 OZ.;3;0;Indefinido
AJO EN PASTA BALDON 4 OZ.;AJO EN PASTA BALDON 4 OZ.;23;0;Indefinido
SALSA PICANTE RANCH. 5OZ.;SALSA PICANTE RANCH. 5OZ.;7;0;Indefinido
CATCHUP BALDOM PLAST. 6/7 LB;CATCHUP BALDOM PLAST. 6/7 LB;1;0;Indefinido
MAYONESA BALDOM DE 1/2 GALON;MAYONESA BALDOM DE 1/2 GALON;5;0;Indefinido
MAYONESA BALDOM TAPA ROJA 4/1;MAYONESA BALDOM TAPA ROJA 4/1;3;0;Indefinido
CAJAS ACEITE LINDA SOBRE 60/1 CJ;CAJAS ACEITE LINDA SOBRE 60/1 CJ;7;0;Indefinido
TENEDORES TERMOPAC 25/1 PCK;TENEDORES TERMOPAC 25/1 PCK;5;0;Indefinido
PAQ. VASOS PLATICO #5 50/1;PAQ. VASOS PLATICO #5 50/1;1;0;Indefinido
FOSFOROS RELAMPAGO UND;FOSFOROS RELAMPAGO UND;73;0;Indefinido
ENCENDEDORA BIC PEQ. ;ENCENDEDORA BIC PEQ. ;2;0;Indefinido
CIGARRILLO LM ROJO 10/1;CIGARRILLO LM ROJO 10/1;1;0;Indefinido
CIGARRILLO MARLBORO ROJO 10/1;CIGARRILLO MARLBORO ROJO 10/1;208;0;Indefinido
CIGARRILLO MARLBORO 10/1 ;CIGARRILLO MARLBORO 10/1 ;305;0;Indefinido
CIGARRILLOS CONSTANZA 10/1 PÑO;CIGARRILLOS CONSTANZA 10/1 PÑO;16;0;Indefinido
CIGARRILLO NACIONAL ROJO 10 UD.;CIGARRILLO NACIONAL ROJO 10 UD.;273;0;Indefinido
CIGARRILLOS MONTE CARLOS 10/1;CIGARRILLOS MONTE CARLOS 10/1;79;0;Indefinido
CIGARRILLO MARLBORO ROJO 20 UD GDE.;CIGARRILLO MARLBORO ROJO 20 UD GDE.;9;0;Indefinido
CIGARRILLO NACIONAL MENTOL 10/1;CIGARRILLO NACIONAL MENTOL 10/1;721;0;Indefinido
SAZON RANCHERO LIQUIDO 4/1;SAZON RANCHERO LIQUIDO 4/1;8;0;Indefinido
FARDOS SAL REFISAL 25/LB-;FARDOS SAL REFISAL 25/LB-;23;0;Indefinido
ATUN JAJA 24/1 142 GRS 5/OZ;ATUN JAJA 24/1 142 GRS 5/OZ;28;0;Indefinido
DISPENSADOR NOSOTRAS DESODORANTE ;DISPENSADOR NOSOTRAS DESODORANTE ;1;0;Indefinido
ENCENDEDOR BIC MINI;ENCENDEDOR BIC MINI;15;0;Indefinido
PAQ. GELATINA DADY 50/1;PAQ. GELATINA DADY 50/1;1;0;Indefinido
PAQ. SOPITAS MAGGI 72/1;PAQ. SOPITAS MAGGI 72/1;8;0;Indefinido
AZAFRAN BALDOM SOBRE;AZAFRAN BALDOM SOBRE;12;0;Indefinido
SAZON COMPLETO MAGGI SOBRE;SAZON COMPLETO MAGGI SOBRE;18;0;Indefinido
SAZON GALLINITA MAGGI SOBRE;SAZON GALLINITA MAGGI SOBRE;10;0;Indefinido
LAPICERO BIC ;LAPICERO BIC ;49;0;Indefinido
PAQ. CHOCOLARE EMBAJADOR 10/1;PAQ. CHOCOLARE EMBAJADOR 10/1;54;0;Indefinido
ALCAPARRADO LA VALENCIANA ;ALCAPARRADO LA VALENCIANA ;128;0;Indefinido
SAZON RANCHERO ADOBO AZAFRAN 5.6;SAZON RANCHERO ADOBO AZAFRAN 5.6;17;0;Indefinido
SAZON RICOMPLETO 125 GRS.;SAZON RICOMPLETO 125 GRS.;41;0;Indefinido
SAZON RICOMPLETO 200 G. ;SAZON RICOMPLETO 200 G. ;63;0;Indefinido
SAZON COMPLETO MAGGI 125G.;SAZON COMPLETO MAGGI 125G.;52;0;Indefinido
SAZON COMPLETO MAGGI 200 GRS;SAZON COMPLETO MAGGI 200 GRS;31;0;Indefinido
SUPER COMPLETO BALDOM 283/GRS;SUPER COMPLETO BALDOM 283/GRS;11;0;Indefinido
SASON RANCHERO CRIOLLO 9.6/OZ;SASON RANCHERO CRIOLLO 9.6/OZ;21;0;Indefinido
PAQ. GILLET AMARILLA 20/5 ;PAQ. GILLET AMARILLA 20/5 ;21;0;Indefinido
SAZON RICOMPLETO JIRAFA 300 GRS;SAZON RICOMPLETO JIRAFA 300 GRS;21;0;Indefinido
SAZON CRIOLLO RANCHERO 357G. 12.6 ;SAZON CRIOLLO RANCHERO 357G. 12.6 ;18;0;Indefinido
SAZON COMPLETO MAGGI 300G.;SAZON COMPLETO MAGGI 300G.;1;0;Indefinido
SAZON COMPLETO MAGGI 280 GRS.;SAZON COMPLETO MAGGI 280 GRS.;30;0;Indefinido
ACEITE VERDE FIGARO 175 GRS.;ACEITE VERDE FIGARO 175 GRS.;4;0;Indefinido
BOMBILLOS CORAL 100  V.;BOMBILLOS CORAL 100  V.;203;0;Indefinido
MASCARILLAS QUIRURGICAS;MASCARILLAS QUIRURGICAS;100;0;Indefinido
PAQ. PAÃ‘ALES BABY DRY PEQ. ;PAQ. PAÃ‘ALES BABY DRY PEQ. ;1;0;Indefinido
PAQ. SERVILLETAS BINGO 400/1;PAQ. SERVILLETAS BINGO 400/1;10;0;Indefinido
CINTA TRANSPARENTE GORDA;CINTA TRANSPARENTE GORDA;36;0;Indefinido
PAQ. TOALLAS NOSOTRAS DIARIAS 120/1;PAQ. TOALLAS NOSOTRAS DIARIAS 120/1;5;0;Indefinido
PAQ. TOALLAS NOSOTRAS PLUS TELA 60/1;PAQ. TOALLAS NOSOTRAS PLUS TELA 60/1;16;0;Indefinido
PAQ. TOALLAS NOSOTRAS BUENAS ;PAQ. TOALLAS NOSOTRAS BUENAS ;4;0;Indefinido
PAQ. TENEDOR TERMO PAC 25/1;PAQ. TENEDOR TERMO PAC 25/1;93;0;Indefinido
PAQ. CATCHUP FAMOSA SOBRE 8/12;PAQ. CATCHUP FAMOSA SOBRE 8/12;6;0;Indefinido
PASTA DENTAL COLGATE 25 ML;PASTA DENTAL COLGATE 25 ML;77;0;Indefinido
PASTA DENTAL COLGATE MAXIMA ;PASTA DENTAL COLGATE MAXIMA ;44;0;Indefinido
PASTA DENTAL COLGATE TRIPLE ACCION ;PASTA DENTAL COLGATE TRIPLE ACCION ;101;0;Indefinido
PASTA DENTAL COLGATE TRIPLE ACCION ;PASTA DENTAL COLGATE TRIPLE ACCION ;26;0;Indefinido
PASTA DENTAL COLGATE MAXIMA ;PASTA DENTAL COLGATE MAXIMA ;10;0;Indefinido
PAQ. CALDO DE POLLO DONA GALLINA ;PAQ. CALDO DE POLLO DONA GALLINA ;32;0;Indefinido
PAQ. CALDO DE POLLO DONA GALLINA ;PAQ. CALDO DE POLLO DONA GALLINA ;29;0;Indefinido
PAQ. CALDO DE POLLO MAGGI TOMATE ;PAQ. CALDO DE POLLO MAGGI TOMATE ;5;0;Indefinido
PAQ. MAGGI CALDO DE GALLINO 48/1;PAQ. MAGGI CALDO DE GALLINO 48/1;10;0;Indefinido
PAQ.- SOPITAS DOÑA GALLINA + AJO 24/1;PAQ.- SOPITAS DOÑA GALLINA + AJO 24/1;1;0;Indefinido
JUGOS BONTEA MANZANA SOBRE;JUGOS BONTEA MANZANA SOBRE;36;0;Indefinido
PAQ. SOPITAS DOÃ‘A GALLINA CHULETA ;PAQ. SOPITAS DOÃ‘A GALLINA CHULETA ;5;0;Indefinido
PASTA DENTAL COLGATE KIDS;PASTA DENTAL COLGATE KIDS;12;0;Indefinido
JUGO DE MANZANA MOTTS 32OZ.;JUGO DE MANZANA MOTTS 32OZ.;56;0;Indefinido
PAQ. SALSA VICTORINA DE SOBRE 60 G.;PAQ. SALSA VICTORINA DE SOBRE 60 G.;17;0;Indefinido
PAQ. SALSA LINDA SOBRE 12/1;PAQ. SALSA LINDA SOBRE 12/1;2;0;Indefinido
SALSA DE TOMATE LA FAMOSA 12/1;SALSA DE TOMATE LA FAMOSA 12/1;8;0;Indefinido
PAQ. JUGOS YA FRESA 12/1;PAQ. JUGOS YA FRESA 12/1;17;0;Indefinido
GINEBRA BERMUDEZ GIN ROJITAS 24/4;GINEBRA BERMUDEZ GIN ROJITAS 24/4;7;0;Indefinido
WHISKY KING PRIDE 350 ML.;WHISKY KING PRIDE 350 ML.;21;0;Indefinido
SOPA CHINA KINSU SOBRE;SOPA CHINA KINSU SOBRE;260;0;Indefinido
LIBRAS PASAS ;LIBRAS PASAS ;5;0;Indefinido
INSECTICIDA BAYGON VERDE 400 ML.;INSECTICIDA BAYGON VERDE 400 ML.;24;0;Indefinido
INSECTICIDA BAYGON VERDE 250 ML;INSECTICIDA BAYGON VERDE 250 ML;29;0;Indefinido
VINO BLANCO DE COCINAR  EL CHEF1 LT.;VINO BLANCO DE COCINAR  EL CHEF1 LT.;11;0;Indefinido
VINO EL CHEF COCINA 750 ML.;VINO EL CHEF COCINA 750 ML.;6;0;Indefinido
GINEBRA BERMUDEZ  LONDON DRY 350 ;GINEBRA BERMUDEZ  LONDON DRY 350 ;64;0;Indefinido
VINO TINTO LEON 700 ML.;VINO TINTO LEON 700 ML.;2;0;Indefinido
VINO TINTO LA FUERZA  700 ML.;VINO TINTO LA FUERZA  700 ML.;81;0;Indefinido
VINO TINTO LA FUERZA 350ML.;VINO TINTO LA FUERZA 350ML.;143;0;Indefinido
RON BRUGAL AÑEJO 350ML.;RON BRUGAL AÑEJO 350ML.;34;0;Indefinido
GINEBRA BERMUDEZ LONDON DRY GIN ;GINEBRA BERMUDEZ LONDON DRY GIN ;16;0;Indefinido
RON BRUGAL BLANCO 350ML.;RON BRUGAL BLANCO 350ML.;8;0;Indefinido
RON BRUGAL CARTA DORADA 350 CC;RON BRUGAL CARTA DORADA 350 CC;4;0;Indefinido
RON BRUGAL EXTRA VIEJO 350ML.;RON BRUGAL EXTRA VIEJO 350ML.;24;0;Indefinido
RON BRUGAL XV 350 ML;RON BRUGAL XV 350 ML;17;0;Indefinido
PAQ. AFEITADORA BIC AMARILLA 36/1;PAQ. AFEITADORA BIC AMARILLA 36/1;59;0;Indefinido
WHISKY JHONNIE ROJO 750 ML.;WHISKY JHONNIE ROJO 750 ML.;2;0;Indefinido
WHISKY JOHNNIE W. NEGRO 750 ML. 12 ;WHISKY JOHNNIE W. NEGRO 750 ML. 12 ;8;0;Indefinido
RON BRUGAL XV 700 ML;RON BRUGAL XV 700 ML;12;0;Indefinido
CAJAS BACALAO NORUEGO 55 LBS.;CAJAS BACALAO NORUEGO 55 LBS.;26;0;Indefinido
RON BRUGAL EXTRAVIEJO 750 ML.;RON BRUGAL EXTRAVIEJO 750 ML.;14;0;Indefinido
WHISKY KING PRIDE 175 ML.;WHISKY KING PRIDE 175 ML.;29;0;Indefinido
RON BRUGAL BLANCO LITRO 700ML.;RON BRUGAL BLANCO LITRO 700ML.;17;0;Indefinido
SUAVISANTE SUAVITEL 16 ONZAS;SUAVISANTE SUAVITEL 16 ONZAS;24;0;Indefinido
SUAVISANTE SUAVITEL 12/1 LT 850.ML ;SUAVISANTE SUAVITEL 12/1 LT 850.ML ;27;0;Indefinido
SUAVISANTE DOWNEY LT;SUAVISANTE DOWNEY LT;1;0;Indefinido
SUAVITEL PLANCHAR CUIDADO SUPERIOR ;SUAVITEL PLANCHAR CUIDADO SUPERIOR ;10;0;Indefinido
VINO LA FUERZA GALON;VINO LA FUERZA GALON;17;0;Indefinido
VINO TINTO VALIENTE 1/2 GALON;VINO TINTO VALIENTE 1/2 GALON;9;0;Indefinido
VINO TINTO LA FUERZA 1/2 GALON;VINO TINTO LA FUERZA 1/2 GALON;16;0;Indefinido
PAQ. GALLETAS HATUEY DE SODA CJ/ 20 ;PAQ. GALLETAS HATUEY DE SODA CJ/ 20 ;42;0;Indefinido
